N_EXPEDIENT,CODI_DISTRICTE,NOM_DISTRICTE,CODI_BARRI,NOM_BARRI,TIPUS_CARRER,CARRER,TIPUS_NUM,NUM1,LLETRA1,NUM2,LLETRA2,BLOC,PORTAL,ESCALA,PIS,PORTA,NUMERO_REGISTRE_GENERALITAT,NUMERO_PLACES,LONGITUD_X,LATITUD_Y
01-2013-0109,01,CIUTAT VELLA,02,el Barri Gòtic,Plaça,REIAL,1,3,,,,,,,3,1,HUTB-001626,11,2.17470576569957,41.3801559179923
01-2013-0270,01,CIUTAT VELLA,01,el Raval,Carrer,TALLERS,1,61,,,,,,,EN,1A,HUTB-001779,12,2.16744871094689,41.3848331267369
01-2013-0634,01,CIUTAT VELLA,02,el Barri Gòtic,Carrer,SERRA,2,8,,,,,,,04,,HUTB-013145,7,2.17811406752141,41.379998342678
01-2014-0202,01,CIUTAT VELLA,02,el Barri Gòtic,Carrer,FERRAN,2,2,,,,,,,03,1,HUTB-013222,3,2.17430505466951,41.3803549198939
01-2019-0021,01,CIUTAT VELLA,01,el Raval,Carrer,CARME,1,61,,,,,,,3,,HUTB-042766,6,2.16808478632236,41.3809603516404
01-2023-0549,01,CIUTAT VELLA,04,Sant Pere Santa Caterina i la Ribera,Carrer,SANT PERE MITJA,2,4,,,,,,,2,2,HUTB-076008,7,2.17644122653587,41.3869813504925
02-2008-1212,02,L'EIXAMPLE,08,l'Antiga Esquerra de l'Eixample,Carrer,MALLORCA,2,152,,,,,,,PR,2,HUTB-001076,13,2.1546692632142,41.3877521523676
02-2009-0539,02,L'EIXAMPLE,07,la Dreta de l'Eixample,Plaça,TETUAN,1,17,,,,,,,04,3,HUTB-001167,9,2.17469108100387,41.3949484704343
02-2009-1077,02,L'EIXAMPLE,05,el Fort Pienc,Carrer,MARINA,2,142,,,,,,,EN,3,HUTB-001127,10,2.18354035808763,41.3976906062165
02-2009-1113,02,L'EIXAMPLE,06,la Sagrada Família,Avinguda,GAUDI,2,14,,,,,,,EN,1,HUTB-000315,5,2.17457810950169,41.4054085469312
02-2009-1155,02,L'EIXAMPLE,06,la Sagrada Família,Carrer,INDUSTRIA,1,165,,,,,,,05,2,HUTB-000804,3,2.17504394540004,41.4101620638337
02-2010-0421,02,L'EIXAMPLE,10,Sant Antoni,Carrer,TAMARIT,2,162,,,,,,,02,1,HUTB-001783,5,2.16270987183642,41.3798255567272
02-2010-1490,02,L'EIXAMPLE,07,la Dreta de l'Eixample,Passeig,GRACIA,1,3,,,,,,,6,4,HUTB-000433,5,2.16926931950505,41.3882147883132
02-2012-0445,02,L'EIXAMPLE,08,l'Antiga Esquerra de l'Eixample,Carrer,VALENCIA,1,127,,,,,,,05,2,HUTB-001328,9,2.15533992454664,41.3868302952049
02-2013-0096,02,L'EIXAMPLE,10,Sant Antoni,Gran Via,CORTS CATALANES,2,530,,,,,,,4,4,HUTB-004900,5,2.15921692616964,41.3822862250261
02-2013-0291,02,L'EIXAMPLE,08,l'Antiga Esquerra de l'Eixample,Carrer,ARIBAU,2,124,,,,,,,04,1,HUTB-005068,5,2.15584005105961,41.3911656919909
02-2013-1368,02,L'EIXAMPLE,06,la Sagrada Família,Carrer,VALENCIA,1,527,,529,,,,,3,D,HUTB-006889,8,2.18156607130363,41.4065285744951
02-2013-1855,02,L'EIXAMPLE,09,la Nova Esquerra de l'Eixample,Carrer,CALABRIA,2,130,,,,,,,01,3,HUTB-007436,6,2.15332127976485,41.3811225051341
02-2014-0331,02,L'EIXAMPLE,06,la Sagrada Família,Avinguda,GAUDI,1,79,,,,,,,03,3,HUTB-008607,6,2.17418713811673,41.4103748168304
02-2014-0649,02,L'EIXAMPLE,08,l'Antiga Esquerra de l'Eixample,Carrer,ARIBAU,2,82,,,,,,,02,1,HUTB-009015,6,2.15803133709702,41.3895117477059
02-2014-1053,02,L'EIXAMPLE,07,la Dreta de l'Eixample,Carrer,CONSELL DE CENT,1,341,,,,,,,03,2B,HUTB-010172,2,2.16486707175448,41.3906007156823
02-2014-1372,02,L'EIXAMPLE,05,el Fort Pienc,Carrer,MARINA,2,212,,,,,,,04,3,HUTB-011745,10,2.17925568790136,41.4010415539495
02-2014-1567,02,L'EIXAMPLE,06,la Sagrada Família,Carrer,SARDENYA,2,364,,,,,,,01,3,HUTB-011600,5,2.17061156314943,41.4055878786961
02-2016-0632,02,L'EIXAMPLE,10,Sant Antoni,Carrer,CALABRIA,1,65,,,,,,,4,4,HUTB-079146,4,2.15711630281603,41.3779780088889
03-2013-0038,03,SANTS-MONTJUÏC,11,el Poble Sec,Carrer,TAMARIT,1,83,,,,,,,04,4,HUTB-005253,7,2.1552807354024,41.3745074161797
03-2013-0762,03,SANTS-MONTJUÏC,15,Hostafrancs,Carrer,CALLAO,2,8,,,,,,,03,1,HUTB-007971,5,2.14350624816819,41.3758063836784
03-2014-0052,03,SANTS-MONTJUÏC,11,el Poble Sec,Avinguda,PARAL.LEL,1,113,,,,,,,02,3,HUTB-008497,8,2.16224979601816,41.3747985230071
03-2014-0165,03,SANTS-MONTJUÏC,15,Hostafrancs,Carrer,CREU COBERTA,2,72,,,,,,,03,1,HUTB-009114,7,2.14460335411693,41.3753276339623
03-2014-0193,03,SANTS-MONTJUÏC,11,el Poble Sec,Carrer,MARE DE DEU DEL REMEI,1,31,,37,,,,,EN,9,HUTB-009251,5,2.15722645924193,41.3729372589894
03-2014-0462,03,SANTS-MONTJUÏC,11,el Poble Sec,Carrer,SALVA,1,1,,,,,,,03,12,HUTB-011051,6,2.16680165534823,41.3746019521157
03-2025-0008,03,SANTS-MONTJUÏC,14,la Font de la Guatlla,Carrer,SANT PAULI DE NOLA,1,1,,,,,,,3,1,HUTB- 078863,7,2.14433263640874,41.3707958360752
03-2025-0022,03,SANTS-MONTJUÏC,11,el Poble Sec,Carrer,MARGARIT,1,21,,,,,,,4,2,HUTB-079103,7,2.16362598083453,41.3735936434254
03-2025-0056,03,SANTS-MONTJUÏC,11,el Poble Sec,Carrer,FONTRODONA,1,25,,,,,,,PR,2,HUTB-079418,2,2.16703246681339,41.3730286204233
05-2012-0539,05,SARRIA-SANT GERVASI,27,el Putxet i el Farró,Carrer,FRANCOLI,1,55,,,,,,,4,3,HUTB-004632,6,2.14593235472521,41.4033908336965
05-2013-0229,05,SARRIA-SANT GERVASI,26,Sant Gervasi - Galvany,Carrer,CASANOVA,1,211,,,,,,,SA,1,HUTB-005705,2,2.14706614276186,41.394099888595
05-2014-0028,05,SARRIA-SANT GERVASI,24,les Tres Torres,Ronda,GENERAL MITRE,1,7,,,,,,,02,4,HUTB-008404,4,2.13102142863574,41.393201665492
05-2014-0203,05,SARRIA-SANT GERVASI,23,Sarrià,Carrer,BONAPLATA,2,20,,,,,,,02,2,HUTB-009914,4,2.12268979351278,41.3964885130165
05-2014-0213,05,SARRIA-SANT GERVASI,27,el Putxet i el Farró,Carrer,BERTRAN,2,4,,,,,,,01,,HUTB-009673,5,2.14126157720926,41.4049158739613
05-2023-0306,05,SARRIA-SANT GERVASI,26,Sant Gervasi - Galvany,Carrer,BALMES,1,327,,329,,,,,PR,2,HUTB-072872,6,2.14365922913616,41.4029568643823
06-2012-0243,06,GRACIA,31,la Vila de Gràcia,Carrer,TRILLA,2,2,,,,,,,01,2,HUTB-001227,3,2.15332680228044,41.403445152333
06-2013-0546,06,GRACIA,31,la Vila de Gràcia,Carrer,MARTI,1,43,,,,,,,BJ,2,HUTB-007396,2,2.15627810393884,41.4074386171411
06-2013-0547,06,GRACIA,31,la Vila de Gràcia,Carrer,SANT PERE MARTIR,2,20,,,,,,,02,2,HUTB-007376,3,2.15766379651367,41.3991849819631
07-2014-0116,07,HORTA-GUINARDÓ,33,el Baix Guinardó,Travessera,GRACIA,2,314,,,,,,,2,4,HUTB-010139,5,2.16833074549518,41.4077955055264
10-2008-0525,10,SANT MARTI,68,el Poblenou,Carrer,PERE IV,2,244,,246,,,,,05,2,HUTB-002705,9,2.19975304825297,41.4050900519188
10-2010-0102,10,SANT MARTI,68,el Poblenou,Rambla,POBLENOU,2,16,,,,,,,02,2,HUTB-002756,5,2.2049058667569,41.3984358349238
10-2010-0527,10,SANT MARTI,64,el Camp de l'Arpa del Clot,Carrer,FRESER,2,78,,,,,,,01,2,HUTB-000250,4,2.18051634761388,41.411843856624
10-2012-0456,10,SANT MARTI,67,la Vila Olímpica del Poblenou,Carrer,HELSINKI,1,3,,,,,,,BJ,,HUTB-000706,4,2.19588283007805,41.3918685840526
10-2013-0368,10,SANT MARTI,68,el Poblenou,Passatge,BORI,2,6,,,,,,,02,4,HUTB-006000,4,2.20196491161388,41.3980147666905
10-2013-0846,10,SANT MARTI,64,el Camp de l'Arpa del Clot,Carrer,INDEPENDENCIA,2,284,,,,,,,BJ,2,HUTB-008048,3,2.18274987990063,41.4084044207371
10-2014-0463,10,SANT MARTI,66,el Parc i la Llacuna del Poblenou,Carrer,PERE IV,2,44,,46,,,,,2,3,HUTB-016704,5,2.1918009514672,41.3953742518391
10-2014-0656,10,SANT MARTI,68,el Poblenou,Carrer,RAMON TURRO,2,226,,,,,,,03,4,HUTB-012112,5,2.20400794678381,41.4005492897729
02-2012-0306,02,L'EIXAMPLE,09,la Nova Esquerra de l'Eixample,Carrer,ENTENÇA,2,140,,,,,,,4,2,HUTB-003151,5,2.14768069389581,41.3819683008062
01-2013-0974,01,CIUTAT VELLA,04,Sant Pere Santa Caterina i la Ribera,Carrer,PESCATERIA,1,1,,,,,,,02,4,HUTB-002720,3,2.18357708078832,41.3842256229836
02-2014-1108,02,L'EIXAMPLE,06,la Sagrada Família,Carrer,ROSSELLO,2,478,,,,,,,01,3,HUTB-009646,2,2.17756257284015,41.4083647100877
02-2014-0318,02,L'EIXAMPLE,08,l'Antiga Esquerra de l'Eixample,Carrer,PARIS,2,178,,,,,,,01,2,HUTB-008699,11,2.15262832885908,41.3930301458071
02-2013-2065,02,L'EIXAMPLE,05,el Fort Pienc,Carrer,NAPOLS,2,194,,,,,,,PR,1,HUTB-007805,10,2.17483461073776,41.3989736802259
02-2012-1302,02,L'EIXAMPLE,07,la Dreta de l'Eixample,Carrer,GIRONA,2,80,,,,,,,2,3,HUTB-000421,4,2.17047714406686,41.3954473939864
02-2011-0907,02,L'EIXAMPLE,08,l'Antiga Esquerra de l'Eixample,Carrer,MUNTANER,1,87,,89,,,,,02,2,HUTB-002406,11,2.15691492214119,41.3883698524576
06-2014-0542,06,GRACIA,31,la Vila de Gràcia,Carrer,SANTA CREU,1,5,,,,,,E,BJ,ES,HUTB-013051,4,2.15654770273377,41.4052658375635
02-2010-0935,02,L'EIXAMPLE,07,la Dreta de l'Eixample,Passeig,GRACIA,1,69,,,,,,,02,B,HUTB-000477,11,2.16285901010634,41.3933924374963
10-2011-0519,10,SANT MARTI,64,el Camp de l'Arpa del Clot,Carrer,FRESER,1,5,,,,,,,AT,1,HUTB-000249,7,2.17912724778533,41.4098942569908
03-2023-0376,03,SANTS-MONTJUÏC,14,la Font de la Guatlla,Carrer,SANT FRUCTUOS,2,64,,74,,,,,3,2,HUTB-075720,5,2.14412560540138,41.3701179391032
01-2017-0032,01,CIUTAT VELLA,01,el Raval,Carrer,RAMBLA,1,89,,,,,,,1,2,HUTB-016437 ,6,2.17233437611627,41.3819242480581
01-2014-0266,01,CIUTAT VELLA,02,el Barri Gòtic,Carrer,PORTAFERRISSA,1,27,,,,,,,2,,HUTB-012203,8,2.17398067915252,41.3840372167395
02-2010-1409,02,L'EIXAMPLE,08,l'Antiga Esquerra de l'Eixample,Carrer,ARAGO,1,155,,,,,,,4,D,HUTB-003734,4,2.15542744376139,41.3851940662196
02-2013-1896,02,L'EIXAMPLE,09,la Nova Esquerra de l'Eixample,Carrer,VILADOMAT,1,261,,,,,,,05,2,HUTB-007711,4,2.14774482010245,41.3867466735269
02-2013-2422,02,L'EIXAMPLE,10,Sant Antoni,Carrer,SEPULVEDA,1,145,,,,,,,03,1,HUTB-008173,8,2.16063327579713,41.3819356973807
06-2012-0462,06,GRACIA,32,el Camp d'en Grassot i Gràcia Nova,Carrer,PAU ALSINA,1,57,,,,,,,05,4,HUTB-001745,6,2.163318486233,41.4090269043711
10-2012-0608,10,SANT MARTI,68,el Poblenou,Carrer,BILBAO,2,24,,32,,2,,C,03,2,HUTB-004201,5,2.20487955154061,41.4023554379541
01-2013-1028,01,CIUTAT VELLA,02,el Barri Gòtic,Carrer,AMPLE,2,42,,,,,,,PR,B,HUTB-013101,2,2.1803286193052,41.3808670705112
07-2014-0110,07,HORTA-GUINARDÓ,33,el Baix Guinardó,Travessera,GRACIA,2,314,,,,,,,1,2,HUTB-010136,3,2.16833074549518,41.4077955055264
02-2013-1180,02,L'EIXAMPLE,07,la Dreta de l'Eixample,Ronda,SANT PERE,1,11,,,,,,,SA,2,HUTB-006803,5,2.17142993675654,41.3886233647575
10-2023-0490,10,SANT MARTI,64,el Camp de l'Arpa del Clot,Carrer,COLL I VEHI,2,16,,,,,,,3,2,HUTB-075450,4,2.18195872040905,41.4121680137036
06-2014-0535,06,GRACIA,31,la Vila de Gràcia,Carrer,MOZART,2,20,,22,,,,,02,1,HUTB-012600,7,2.15815278134175,41.3994845558461
03-2023-0246,03,SANTS-MONTJUÏC,11,el Poble Sec,Avinguda,PARAL.LEL,1,159,,,,,,,4,2,HUTB-073185,4,2.1567626062863,41.3748155152484
02-2013-1960,02,L'EIXAMPLE,09,la Nova Esquerra de l'Eixample,Carrer,TARRAGONA,2,104,,,,,,,07,1,HUTB-007680,5,2.14410009743668,41.3795638295788
05-2012-0115,05,SARRIA-SANT GERVASI,26,Sant Gervasi - Galvany,Carrer,ARIBAU,2,226,,,,,,E,3,2,HUTB-003813,12,2.15053488462239,41.3951674285838
10-2011-0241,10,SANT MARTI,64,el Camp de l'Arpa del Clot,Carrer,INDUSTRIA,1,201,,,,,,,03,1,HUTB-000816,6,2.17684233041429,41.4115236430332
02-2014-1165,02,L'EIXAMPLE,07,la Dreta de l'Eixample,Carrer,TRAFALGAR,1,39,,,,,,,03,2,HUTB-009924,3,2.17711364374633,41.3900223228978
01-2012-0686,01,CIUTAT VELLA,02,el Barri Gòtic,Carrer,DURAN I BAS,1,7,,,,,,,2,1,HUTB-075262,3,2.17422117734241,41.3855622489384
02-2012-1843,02,L'EIXAMPLE,08,l'Antiga Esquerra de l'Eixample,Carrer,ARAGO,1,207,,,,,,A,04,,HUTB-004559,5,2.15977855193688,41.388530793678
03-2023-0388,03,SANTS-MONTJUÏC,14,la Font de la Guatlla,Carrer,SANT FRUCTUOS,2,64,,74,,,,,3,14,HUTB-075695,4,2.14412560540138,41.3701179391032
02-2024-0428,02,L'EIXAMPLE,05,el Fort Pienc,Passeig,SANT JOAN,2,4,,,,,,,3,2,HUTB-009846,2,2.18005117541823,41.391823195059
02-2014-1156,02,L'EIXAMPLE,08,l'Antiga Esquerra de l'Eixample,Carrer,MUNTANER,2,64,,,,,,,02,2,HUTB-009611,9,2.15910993959885,41.3869904807786
02-2012-1727,02,L'EIXAMPLE,08,l'Antiga Esquerra de l'Eixample,Carrer,CASANOVA,2,96,,,,,,,4,2,HUTB-004235,12,2.15677170739338,41.3870450239048
02-2013-1804,02,L'EIXAMPLE,06,la Sagrada Família,Carrer,LEPANT,1,239,,,,,,,3,3,HUTB-007499,6,2.17825182654486,41.4031064897391
02-2024-0195,02,L'EIXAMPLE,06,la Sagrada Família,Carrer,MALLORCA,1,447,,,,,,,1,1,HUTB-076652,5,2.17830080823869,41.4057897734649
02-2011-0900,02,L'EIXAMPLE,10,Sant Antoni,Carrer,COMTE BORRELL,1,73,,,,,,B,03,2,HUTB-003381,7,2.16129156252149,41.3782303634071
02-2010-1358,02,L'EIXAMPLE,07,la Dreta de l'Eixample,Ronda,SANT PERE,1,3,,,,,,,02,3,HUTB-002251,11,2.1706881332203,41.388345498474
03-2013-0309,03,SANTS-MONTJUÏC,17,Sants - Badal,Riera,BLANCA,1,119,,,,,,,02,,HUTB-005974,6,2.12728420947416,41.3717641075108
02-2011-0294,02,L'EIXAMPLE,10,Sant Antoni,Gran Via,CORTS CATALANES,2,454,,,,,,,3,3,HUTB-003582,3,2.15469410809817,41.378880241711
03-2011-0045,03,SANTS-MONTJUÏC,11,el Poble Sec,Carrer,PALMA,2,10,,,,,,,1,1,HUTB-002573,3,2.15965736673269,41.3717515499964
02-2025-0013,02,L'EIXAMPLE,07,la Dreta de l'Eixample,Carrer,PAU CLARIS,1,111,,,,,,,4,1,HUTB-078154,2,2.16812003887553,41.3918328438266
10-2013-0042,10,SANT MARTI,68,el Poblenou,Carrer,TANGER,2,150,,156,,,,,01,6,HUTB-004998,5,2.19565287989662,41.4044971867429
02-2014-0854,02,L'EIXAMPLE,05,el Fort Pienc,Carrer,DIPUTACIO,2,470,,,,,,,5,3,HUTB-010526,11,2.18220631703482,41.4015735950199
01-2024-0041,01,CIUTAT VELLA,02,el Barri Gòtic,Carrer,OBRADORS,1,9,,,,,,,4,1,HUTB-078006,4,2.17715594275731,41.3797452654977
05-2013-0058,05,SARRIA-SANT GERVASI,26,Sant Gervasi - Galvany,Carrer,BALMES,2,222,,,,,,,EN,2,HUTB-005085,18,2.15132118097758,41.3983737724748
06-2014-0268,06,GRACIA,30,la Salut,Avinguda,COLL DEL PORTELL,1,57,,,,,,,01,1,HUTB-010095,3,2.15239261246401,41.4114819936428
02-2012-0869,02,L'EIXAMPLE,05,el Fort Pienc,Carrer,ROGER DE FLOR,2,70,,,,,,,BJ,,HUTB-001971,6,2.18056796306413,41.3929301429243
03-2013-0232,03,SANTS-MONTJUÏC,17,Sants - Badal,Carrer,PORTBOU,1,27,,,,,,,AT,2,HUTB-005695,6,2.1266450125854,41.3766237228438
02-2010-0110,02,L'EIXAMPLE,06,la Sagrada Família,Carrer,ENAMORATS,1,5,,,,,,,PR,1,HUTB-003102,2,2.17946296102671,41.4018621465624
06-2024-0156,06,GRACIA,31,la Vila de Gràcia,Carrer,CAMPRODON,1,27,,,,,,,1,3,HUTB- 077206,3,2.16419311867385,41.4010718097958
02-2014-1484,02,L'EIXAMPLE,05,el Fort Pienc,Carrer,MARINA,1,189,,,,,,,6,2,HUTB-011554,6,2.17944588634016,41.400147772933
10-2014-0385,10,SANT MARTI,70,el Besòs i el Maresme,Carrer,TARENT,2,2,,,,,,,04,4,HUTB-011633,4,2.21737769796677,41.4162307046183
10-2013-0804,10,SANT MARTI,68,el Poblenou,Carrer,FERROCARRIL,1,27,,,,,,,07,2,HUTB-008026,5,2.20706927018349,41.3988042277915
03-2011-0206,03,SANTS-MONTJUÏC,11,el Poble Sec,Avinguda,PARAL.LEL,1,65,,,,,,,06,1,HUTB-002608,7,2.16903370152312,41.3747765256347
10-2008-0398,10,SANT MARTI,66,el Parc i la Llacuna del Poblenou,Carrer,ALMOGAVERS,2,54,,,,,,,02,1,HUTB-003678,4,2.18515269817517,41.3933302538744
02-2013-0952,02,L'EIXAMPLE,07,la Dreta de l'Eixample,Carrer,ROSSELLO,2,244,,,,,,,AT,2,HUTB-006023,11,2.16146502503048,41.3962879071138
02-2009-0744,02,L'EIXAMPLE,08,l'Antiga Esquerra de l'Eixample,Carrer,VILLARROEL,1,163,,,,,,,02,1,HUTB-001560,9,2.15317882094536,41.3877721878007
01-2024-0254,01,CIUTAT VELLA,03,la Barceloneta,Carrer,MAR,1,107,,,,,,,1,1,HUTB-077958,2,2.18920328464001,41.3767107743066
02-2013-2258,02,L'EIXAMPLE,06,la Sagrada Família,Avinguda,GAUDI,1,63,,,,,,,03,1,HUTB-008034,6,2.17420734504361,41.4089416920762
02-2014-1406,02,L'EIXAMPLE,05,el Fort Pienc,Carrer,MARINA,1,189,,,,,,,3,1,HUTB-012714,6,2.17944588634016,41.400147772933
02-2010-0341,02,L'EIXAMPLE,08,l'Antiga Esquerra de l'Eixample,Carrer,CONSELL DE CENT,1,221,,,,,,E,PR,1,HUTB-036814,7,2.15786979580254,41.3853350546991
02-2013-2428,02,L'EIXAMPLE,06,la Sagrada Família,Carrer,ROSSELLO,2,448,,,,,,,1,1,HUTB-008139,5,2.17611708738698,41.4073009434069
02-2011-0764,02,L'EIXAMPLE,10,Sant Antoni,Carrer,COMTE BORRELL,1,65,,,,,,,02,3,HUTB-003371,2,2.16160984927387,41.3779890384204
03-2013-0316,03,SANTS-MONTJUÏC,11,el Poble Sec,Carrer,POETA CABANYES,2,86,,,,,,,PR,1,HUTB-006261,6,2.1641280222283,41.3714100104723
02-2014-1158,02,L'EIXAMPLE,08,l'Antiga Esquerra de l'Eixample,Carrer,MUNTANER,2,64,,,,,,,4,1,HUTB-009615,6,2.15910993959885,41.3869904807786
05-2012-0361,05,SARRIA-SANT GERVASI,27,el Putxet i el Farró,Carrer,GUILLEM TELL,1,21,,,,,,,AT,2,HUTB-000701,4,2.14902399003339,41.4026497541592
10-2014-0526,10,SANT MARTI,64,el Camp de l'Arpa del Clot,Carrer,INDUSTRIA,1,213,,,,,,,3,2,HUTB-011220,4,2.17717895868758,41.4117933928545
03-2012-0234,03,SANTS-MONTJUÏC,17,Sants - Badal,Carrer,SUGRANYES,2,62,,,,,,,02,1,HUTB-001774,4,2.12904325907328,41.3731611523229
02-2012-1938,02,L'EIXAMPLE,10,Sant Antoni,Carrer,SEPULVEDA,2,176,,,,,,,AT,,HUTB-004812,2,2.16262774290068,41.383158767332
03-2012-0434,03,SANTS-MONTJUÏC,14,la Font de la Guatlla,Carrer,SANT FRUCTUOS,2,64,,74,,,,,01,27,HUTB-004502,4,2.14412971475694,41.3701173301328
03-2009-0495,03,SANTS-MONTJUÏC,11,el Poble Sec,Carrer,LLEIDA,1,21,,,,,,,01,2,HUTB-001018,3,2.15519441257731,41.37311165166
02-2013-1557,02,L'EIXAMPLE,06,la Sagrada Família,Avinguda,GAUDI,2,44,,,,,,,05,1,HUTB-007099,7,2.17453860611694,41.4082478991724
02-2014-0927,02,L'EIXAMPLE,08,l'Antiga Esquerra de l'Eixample,Carrer,PROVENÇA,1,131,,,,,,,06,3,HUTB-009771,6,2.152235438015,41.3879160356515
10-2023-0314,10,SANT MARTI,64,el Camp de l'Arpa del Clot,Carrer,ROGENT,1,37,,,,,,,2,,HUTB-072677,5,2.18406454856995,41.4095157628451
02-2009-0856,02,L'EIXAMPLE,07,la Dreta de l'Eixample,Carrer,PELAI,1,5,,,,,,,3,1A,HUTB-002674,5,2.16612781556205,41.385890132392
10-2013-0278,10,SANT MARTI,68,el Poblenou,Carrer,PERE IV,2,126,,,,,,,04,1,HUTB-005671,4,2.1959591713811,41.400457241431
10-2014-0514,10,SANT MARTI,68,el Poblenou,Rambla,POBLENOU,2,20,,,,,,,01,1,HUTB-011497,5,2.2049058667569,41.3984358349238
02-2013-0202,02,L'EIXAMPLE,07,la Dreta de l'Eixample,Rambla,CATALUNYA,1,31,,,,,,,2,1,HUTB-005122,11,2.16538345175716,41.3894611758809
06-2014-0224,06,GRACIA,31,la Vila de Gràcia,Carrer,MAGDALENA E BLANC,1,13,,,,,,,3,1,HUTB-009399,7,2.15292527455156,41.4037775183428
02-2014-0313,02,L'EIXAMPLE,09,la Nova Esquerra de l'Eixample,Gran Via,CORTS CATALANES,1,479,,,,,,,4,2,HUTB-008762,7,2.15555016821011,41.3801845646777
02-2012-1976,02,L'EIXAMPLE,07,la Dreta de l'Eixample,Rambla,CATALUNYA,2,8,,,,,,,02,1,HUTB-013252,8,2.16801513186327,41.3879335196476
05-2013-0267,05,SARRIA-SANT GERVASI,27,el Putxet i el Farró,Ronda,GENERAL MITRE,2,212,,,,,,,05,4,HUTB-005873,4,2.14603722857507,41.4055552531575
03-2013-0290,03,SANTS-MONTJUÏC,11,el Poble Sec,Avinguda,PARAL.LEL,1,99,,,,,,,02,3,HUTB-005897,6,2.16342016599505,41.3747942650695
02-2014-0996,02,L'EIXAMPLE,08,l'Antiga Esquerra de l'Eixample,Passatge,BATLLO,2,4,B,,,,,,02,1,HUTB-010086,3,2.15142154161322,41.3882903960125
10-2014-0669,10,SANT MARTI,66,el Parc i la Llacuna del Poblenou,Carrer,SARDENYA,1,65,,,,,,,EN,2,HUTB-012698,3,2.18739137525996,41.3926167662458
07-2012-0210,07,HORTA-GUINARDÓ,35,el Guinardó,Carrer,TELEGRAF,1,19,,21,,,,,3,4,HUTB-001830,4,2.17499044601821,41.4165548414567
02-2013-1929,02,L'EIXAMPLE,08,l'Antiga Esquerra de l'Eixample,Carrer,ENRIC GRANADOS,2,112,,,,,,,5,3,HUTB-007509,2,2.15458207913932,41.3938279987524
02-2020-0242,02,L'EIXAMPLE,05,el Fort Pienc,Carrer,CONSELL DE CENT,2,506,,,,,,,6,1,,,2.17941703979228,41.4012483548617
02-2008-0853,02,L'EIXAMPLE,07,la Dreta de l'Eixample,Ronda,SANT PERE,1,29,,,,,,,03,2B,HUTB-002277,7,2.17545312617972,41.3901268665733
02-2013-2292,02,L'EIXAMPLE,07,la Dreta de l'Eixample,Rambla,CATALUNYA,2,98,B,,,,,,04,2,HUTB-009885,3,2.16042878592627,41.3934745244983
01-2017-0060,01,CIUTAT VELLA,04,Sant Pere Santa Caterina i la Ribera,Carrer,CARDERS,2,8,,,,,,,3,,HUTB-077341,2,2.18001235867753,41.3860140827504
02-2016-0648,02,L'EIXAMPLE,10,Sant Antoni,Carrer,CALABRIA,1,65,,,,,,,PR,2,HUTB-079162,4,2.15711630281603,41.3779780088889
03-2014-0341,03,SANTS-MONTJUÏC,11,el Poble Sec,Carrer,HORTES,1,5,,,,,,,03,3,HUTB-009849,3,2.16734166691919,41.3730573223469
02-2014-0939,02,L'EIXAMPLE,10,Sant Antoni,Plaça,UNIVERSITAT,1,1,,,,,,,05,1A,HUTB-009928,6,2.16330336273106,41.3852419405527
02-2009-0363,02,L'EIXAMPLE,07,la Dreta de l'Eixample,Passeig,GRACIA,2,16,,,,,,,02,1,HUTB-005904,7,2.16893323738294,41.3893285717764
02-2013-1612,02,L'EIXAMPLE,07,la Dreta de l'Eixample,Rambla,CATALUNYA,2,46,,,,,,,03,,HUTB-007291,8,2.16440743628415,41.3905712569298
07-2023-0104,07,HORTA-GUINARDÓ,33,el Baix Guinardó,Travessera,GRACIA,1,429,,,,,,,1,2,HUTB-073882,9,2.1723102520291,41.4106349499096
02-2016-0633,02,L'EIXAMPLE,10,Sant Antoni,Carrer,CALABRIA,1,65,,,,,,,4,2,HUTB-079147,4,2.15711630281603,41.3779780088889
02-2013-1673,02,L'EIXAMPLE,05,el Fort Pienc,Carrer,AUSIAS MARC,2,136,,,,,,,02,1,HUTB-007269,7,2.18406930162058,41.3975308092253
06-2012-0231,06,GRACIA,31,la Vila de Gràcia,Carrer,GOYA,1,7,,,,,,,02,1,HUTB-000426,4,2.15695835916434,41.399478215385
03-2014-0202,03,SANTS-MONTJUÏC,15,Hostafrancs,Carrer,MIQUEL BLEACH,2,16,,,,,,,01,2,HUTB-009267,2,2.14160186725138,41.3758104603223
10-2014-0955,10,SANT MARTI,70,el Besòs i el Maresme,Carrer,MARESME,2,122,,,,,,,05,3,HUTB-012951,5,2.21115695617954,41.415906385431
05-2012-0632,05,SARRIA-SANT GERVASI,27,el Putxet i el Farró,Carrer,MARMELLA,2,2,B,,,,,,04,3,HUTB-004763,7,2.14194581146205,41.4104522595614
02-2012-1381,02,L'EIXAMPLE,07,la Dreta de l'Eixample,Carrer,PELAI,1,5,,,,,,,01,2A,HUTB-002694,5,2.16612781556205,41.385890132392
02-2014-0867,02,L'EIXAMPLE,08,l'Antiga Esquerra de l'Eixample,Carrer,COMTE D'URGELL,2,90,,,,,,,3,1,HUTB-009945,7,2.15766962981614,41.3830090840741
02-2012-1303,02,L'EIXAMPLE,07,la Dreta de l'Eixample,Carrer,GIRONA,2,80,,,,,,,2,2,HUTB-000422,4,2.17047714406686,41.3954473939864
02-2014-0381,02,L'EIXAMPLE,05,el Fort Pienc,Carrer,CONSELL DE CENT,2,474,B,,,,,,AT,A,HUTB-008281,8,2.17734831095934,41.3996937784119
07-2014-0112,07,HORTA-GUINARDÓ,35,el Guinardó,Carrer,SANT ANTONI MARIA CLARET,1,217,,221,,,,,2,2,HUTB-009828,6,2.17968340912992,41.4153507091317
06-2014-0332,06,GRACIA,32,el Camp d'en Grassot i Gràcia Nova,Carrer,PARE LAINEZ,1,29,,,,,,,04,,HUTB-009873,4,2.16518778245067,41.4069418848464
02-2014-0813,02,L'EIXAMPLE,07,la Dreta de l'Eixample,Passeig,GRACIA,1,67,,,,,,,3,1,HUTB-010120,13,2.16298916288108,41.3932900052979
10-2010-0342,10,SANT MARTI,64,el Camp de l'Arpa del Clot,Carrer,FRESER,1,5,,,,,,,04,4,HUTB-000235,6,2.17912724778533,41.4098942569908
04-2010-0177,04,LES CORTS,19,les Corts,Carrer,JOAN GUELL,1,169,,,,,,,01,5,HUTB-000856,5,2.1310236201591,41.3835268283317
10-2010-0055,10,SANT MARTI,65,el Clot,Carrer,CORONEL SANFELIU,2,2,,4,,,,,EN,4,HUTB-003510,9,2.18807527270877,41.4069221658102
03-2014-0290,03,SANTS-MONTJUÏC,11,el Poble Sec,Carrer,MARGARIT,1,5,,,,,,,AT,,HUTB-010430,2,2.16395086029639,41.3744898033989
03-2011-0299,03,SANTS-MONTJUÏC,11,el Poble Sec,Avinguda,PARAL.LEL,1,15,,,,,,,04,5,HUTB-002580,10,2.17474015318745,41.3744785310556
02-2013-1920,02,L'EIXAMPLE,07,la Dreta de l'Eixample,Ronda,UNIVERSITAT,2,16,,,,,,,03,3,HUTB-007684,4,2.16723698180865,41.3867312248237
02-2012-1269,02,L'EIXAMPLE,07,la Dreta de l'Eixample,Rambla,CATALUNYA,2,8,,,,,,,04,2,HUTB-003318,4,2.16801513186327,41.3879335196476
06-2012-0614,06,GRACIA,31,la Vila de Gràcia,Carrer,SAMSO,2,2,,,,,,,01,1,HUTB-004840,5,2.16036779568851,41.4013532300616
06-2010-0329,06,GRACIA,31,la Vila de Gràcia,Carrer,SANTA TECLA,1,3,,,,,,,PR,4,HUTB-001696,3,2.16033638674778,41.3981167092963
02-2010-1266,02,L'EIXAMPLE,06,la Sagrada Família,Avinguda,GAUDI,2,16,,,,,,,AT,4,HUTB-000320,3,2.17457740676356,41.4054621814564
01-2025-0002,01,CIUTAT VELLA,01,el Raval,Carrer,MARQUES DE BARBERA,1,27,,,,,,,3,3,HUTB-078210,5,2.17197506252441,41.3780843323866
02-2012-0198,02,L'EIXAMPLE,08,l'Antiga Esquerra de l'Eixample,Avinguda,ROMA,2,138,,,,,,,3,A,HUTB-002012,6,2.15517994062478,41.3853955127421
02-2012-1662,02,L'EIXAMPLE,10,Sant Antoni,Carrer,COMTE BORRELL,2,102,,,,,,,05,1,HUTB-004261,5,2.15830489896283,41.3807606018585
10-2014-0355,10,SANT MARTI,68,el Poblenou,Carrer,ESPRONCEDA,2,38,,,,,,,BJ,3,HUTB-010038,7,2.2079713500258,41.4029401997129
02-2012-1852,02,L'EIXAMPLE,06,la Sagrada Família,Avinguda,GAUDI,2,14,,,,,,,02,2,HUTB-004642,4,2.17457810950169,41.4054085469312
03-2023-0380,03,SANTS-MONTJUÏC,14,la Font de la Guatlla,Carrer,SANT FRUCTUOS,2,64,,74,,,,,3,6,HUTB-075715,4,2.14412560540138,41.3701179391032
10-2012-0393,10,SANT MARTI,68,el Poblenou,Carrer,PERELLO,2,42,,,,,,,01,1,HUTB-002710,5,2.20654734295016,41.3988177710231
02-2009-0035,02,L'EIXAMPLE,10,Sant Antoni,Gran Via,CORTS CATALANES,2,530,,,,,,,03,3,HUTB-003566,10,2.15921692616964,41.3822862250261
03-2013-0534,03,SANTS-MONTJUÏC,11,el Poble Sec,Carrer,NOU DE LA RAMBLA,2,148,,,,,,,03,1,HUTB-007344,4,2.16752671545342,41.3726784172601
03-2013-0394,03,SANTS-MONTJUÏC,15,Hostafrancs,Carrer,FARELL,1,17,,,,,,,PR,1,HUTB-006750,6,2.14390809767874,41.3725497046366
10-2012-0365,10,SANT MARTI,64,el Camp de l'Arpa del Clot,Carrer,INDEPENDENCIA,1,319,,,,,,,5,,HUTB-000771,4,2.18136664470669,41.4091760850759
05-2014-0096,05,SARRIA-SANT GERVASI,27,el Putxet i el Farró,Carrer,BERTRAN,2,156,,,,,,,01,2,HUTB-008585,3,2.13971662151771,41.4106600247635
06-2014-0045,06,GRACIA,31,la Vila de Gràcia,Carrer,ROSA PUIG-RODON PLA,2,16,,,,,,,BJ,1,HUTB-008421,6,2.15367109789615,41.4033926857423
02-2014-0507,02,L'EIXAMPLE,07,la Dreta de l'Eixample,Carrer,PAU CLARIS,1,87,,,,,,,PR,2,HUTB-011418,3,2.170504843475,41.3900197628806
07-2008-0261,07,HORTA-GUINARDÓ,35,el Guinardó,Carrer,RENAIXENÇA,2,54,,,,,,,BJ,A,HUTB-001633,3,2.17752331428524,41.4183852426677
01-2013-0260,01,CIUTAT VELLA,02,el Barri Gòtic,Avinguda,PORTAL DE L'ANGEL,2,28,,,,,,,03,,HUTB-013135,13,2.17263114309609,41.3861007535925
02-2012-0465,02,L'EIXAMPLE,06,la Sagrada Família,Carrer,ROSSELLO,2,380,,382,,,,,03,2,HUTB-002055,6,2.17253026444202,41.404599070851
06-2014-0282,06,GRACIA,31,la Vila de Gràcia,Carrer,VENUS,1,13,,,,,,,BJ,,HUTB-010389,10,2.16267765945254,41.3994198699146
02-2014-0924,02,L'EIXAMPLE,10,Sant Antoni,Carrer,TAMARIT,1,109,,,,,,,04,1,HUTB-010332,12,2.15723387157447,41.3759760023364
10-2014-0734,10,SANT MARTI,70,el Besòs i el Maresme,Plaça,GERMANS SERRA,1,3,,,,,,,09,3,HUTB-012056,6,2.21266753280611,41.4169542860827
02-2024-0427,02,L'EIXAMPLE,05,el Fort Pienc,Passeig,SANT JOAN,2,4,,,,,,,3,1,HUTB-009850,4,2.18005117541823,41.391823195059
02-2012-0309,02,L'EIXAMPLE,06,la Sagrada Família,Carrer,VALENCIA,1,377,,379,,,,E,EN,3,HUTB-001376,8,2.1734742652224,41.4004720136185
02-2014-1499,02,L'EIXAMPLE,08,l'Antiga Esquerra de l'Eixample,Carrer,CASANOVA,2,122,,,,,,,4,5,HUTB-011194,7,2.15554503730378,41.3879706377195
04-2013-0215,04,LES CORTS,19,les Corts,Carrer,TUBELLA,2,24,,,,,,,01,2,HUTB-006642,4,2.1355928659978,41.3843485817208
02-2012-1805,02,L'EIXAMPLE,08,l'Antiga Esquerra de l'Eixample,Carrer,BALMES,1,119,,,,,,,04,1,HUTB-004574,7,2.15816717050604,41.3925337854587
05-2012-0368,05,SARRIA-SANT GERVASI,26,Sant Gervasi - Galvany,Carrer,GANDUXER,2,50,,,,,,,03,2,HUTB-000273,6,2.13687131842867,41.3959816501155
01-2012-0446,01,CIUTAT VELLA,04,Sant Pere Santa Caterina i la Ribera,Carrer,VOLTA D'EN COLOMINES,1,3,,,,,,,01,,HUTB-013147,4,2.17914131398488,41.3845668496808
02-2014-0827,02,L'EIXAMPLE,08,l'Antiga Esquerra de l'Eixample,Carrer,BALMES,1,59,,,,,,,04,1,HUTB-010062,3,2.16201891785476,41.389630815545
