"codigo","nivel","nota1","vivienda_turistica","unidad1","nota2","plazas","unidad2","nota3","plazas_por_vivienda_turistica","unidad3","nota4","porcentaje_vivienda_turistica","unidad4","periodo","prov","prov_literal","mun","mun_literal","plaza_por_vivienda_turistica"
"0801901","Distritos","","4086","Viviendas","","12776","Plazas","","3.126774351443955","Plazas","","7.340075807929295","Porcentaje","2020M08","08","Barcelona","08019","Barcelona",\N
"0801902","Distritos","","5875","Viviendas","","23758","Plazas","","4.043914893617021","Plazas","","4.096645980057179","Porcentaje","2020M08","08","Barcelona","08019","Barcelona",\N
"0801903","Distritos","","1952","Viviendas","","6798","Plazas","","3.4825819672131146","Plazas","","2.1581461171059613","Porcentaje","2020M08","08","Barcelona","08019","Barcelona",\N
"0801904","Distritos","","377","Viviendas","","1253","Plazas","","3.323607427055703","Plazas","","0.8520544229986892","Porcentaje","2020M08","08","Barcelona","08019","Barcelona",\N
"0801905","Distritos","","752","Viviendas","","2851","Plazas","","3.791223404255319","Plazas","","1.00626237756249","Porcentaje","2020M08","08","Barcelona","08019","Barcelona",\N
"0801906","Distritos","","1471","Viviendas","","5156","Plazas","","3.505098572399728","Plazas","","2.2456986702899107","Porcentaje","2020M08","08","Barcelona","08019","Barcelona",\N
"0801907","Distritos","","543","Viviendas","","1612","Plazas","","2.9686924493554327","Plazas","","0.6928936924981178","Porcentaje","2020M08","08","Barcelona","08019","Barcelona",\N
"0801908","Distritos","","220","Viviendas","","499","Plazas","","2.268181818181818","Plazas","","0.28513291081820186","Porcentaje","2020M08","08","Barcelona","08019","Barcelona",\N
"0801909","Distritos","","265","Viviendas","","743","Plazas","","2.8037735849056604","Plazas","","0.3782904128361788","Porcentaje","2020M08","08","Barcelona","08019","Barcelona",\N
"0801910","Distritos","","1739","Viviendas","","6243","Plazas","","3.5899942495687176","Plazas","","1.5591658149084584","Porcentaje","2020M08","08","Barcelona","08019","Barcelona",\N
